"CBSACode","CBSApop","CBSAhhi","CBSATitle","Type","CBSAhhico","CBSAhhipl"
10100,40602,0.398185568780869,"Aberdeen, SD",0,0.819574546710255,0.41524286860708
10140,72797,0.417311597323127,"Aberdeen, WA",0,1,0.0808428662820776
10180,165252,0.356721732945039,"Abilene, TX",1,0.654945158676478,0.50301331384621
10220,37492,0.516376424549107,"Ada, OK",0,1,0.20265027711762
10300,99892,0.514078943679443,"Adrian, MI",0,1,0.0549736113793591
10420,703200,0.234974701409753,"Akron, OH",1,0.646287266502975,0.0969830067485255
10460,63797,0.523953974594969,"Alamogordo, NM",0,1,0.229204063013454
10500,157308,0.257979741466539,"Albany, GA",1,0.416716001732066,0.245104610220803
10540,116672,0.582915474124426,"Albany, OR",1,1,0.0254023857124654
10580,870716,0.141092554963841,"Albany-Schenectady-Troy, NY",1,0.252191222665888,0.023632235238266
10620,60585,0.522179673318569,"Albemarle, NC",0,1,0.0735428455669108
10660,31255,0.450499313213829,"Albert Lea, MN",0,1,0.334512985425132
10700,93019,0.595414623983569,"Albertville, AL",0,1,0.0596702270640078
10740,887077,0.306668225898407,"Albuquerque, NM",1,0.587656973032211,0.389008492878416
10780,153922,0.383553048666473,"Alexandria, LA",1,0.752139402554851,0.106174120809368
10820,36009,0.527071384747102,"Alexandria, MN",0,1,0.0978746329552467
10860,40838,0.499766163639697,"Alice, TX",0,1,0.224098388311857
10900,821173,0.170966310367774,"Allentown-Bethlehem-Easton, PA-NJ",1,0.336433668965639,0.0316172456649082
10940,42476,0.470171910403149,"Alma, MI",0,1,0.0857629946627693
10980,29598,0.593099556940226,"Alpena, MI",0,1,0.126003935767416
11020,127089,0.48746030946721,"Altoona, PA",1,1,0.137833325380908
11060,26446,0.45670043697021,"Altus, OK",0,1,0.563370351238591
11100,251933,0.304348078352341,"Amarillo, TX",1,0.461306593494013,0.575904088136412
11140,37829,0.41070001816231,"Americus, GA",0,0.77020353505541,0.205831369643216
11180,89542,0.399361835519249,"Ames, IA",1,1,0.443259272916183
11220,50219,0.451391212437434,"Amsterdam, NY",0,1,0.144388310001294
11260,380821,0.376419170924483,"Anchorage, AK",1,0.641839401399107,0.587918343071946
11380,14786,0.510213548848751,"Andrews, TX",0,1,0.562347839319016
11420,34185,0.584003302823721,"Angola, IN",0,1,0.0678660136966928
11460,344791,0.532927795311095,"Ann Arbor, MI",1,1,0.113405446492547
11500,118572,0.387321238755462,"Anniston-Oxford-Jacksonville, AL",1,1,0.0910038132184993
11540,225666,0.265888648926234,"Appleton, WI",1,0.660170586049118,0.119992920437826
11580,34862,0.705186299310868,"Arcadia, FL",0,1,0.0479889208772778
11620,47557,0.41205528403961,"Ardmore, OK",0,1,0.277653957107836
11660,22995,0.458431781466295,"Arkadelphia, AR",0,1,0.228177017031175
11680,36311,0.403359822298218,"Arkansas City-Winfield, KS",0,1,0.232559669351923
11700,424858,0.236306958955535,"Asheville, NC",1,0.399465728302168,0.041404240209928
11740,53139,0.518351484136605,"Ashland, OH",0,1,0.149829862918114
11780,101497,0.472601440710005,"Ashtabula, OH",0,1,0.0578357064160437
11820,37039,0.410524764952752,"Astoria, OR",0,1,0.117640871084212
11860,16924,0.484863892929995,"Atchison, KS",0,1,0.425537662331931
11900,64757,0.482266477638043,"Athens, OH",0,1,0.143794100768144
11940,52266,0.490271735776292,"Athens, TN",0,1,0.0840585435667386
11980,78532,0.471751175307596,"Athens, TX",0,1,0.0370903875876835
12020,192541,0.286284561117226,"Athens-Clarke County, GA",1,0.423802916365052,0.359922550487725
12060,5286728,0.0584013820694252,"Atlanta-Sandy Springs-Roswell, GA",1,0.0987189060823536,0.00815944642107607
12100,274549,0.43179822772214,"Atlantic City-Hammonton, NJ",1,1,0.0371029740951042
12140,42223,0.413011223177065,"Auburn, IN",0,1,0.121972763946808
12180,80026,0.532197544953448,"Auburn, NY",0,1,0.121228022418218
12220,140247,0.362587814451191,"Auburn-Opelika, AL",1,1,0.236560904566121
12260,564873,0.16545797685299,"Augusta-Richmond County, GA-SC",1,0.260294044429582,0.125229110799187
12300,122151,0.570715858762648,"Augusta-Waterville, ME",0,1,0.0437425619908528
12380,39163,0.44197291633939,"Austin, MN",0,1,0.401024442093896
12420,1716289,0.214580751105671,"Austin-Round Rock, TX",1,0.427549853927281,0.21934718673062
12460,27842,0.54433729226646,"Bainbridge, GA",0,1,0.208391170664354
12540,839631,0.435660241654869,"Bakersfield, CA",1,1,0.179141396319919
12580,2710489,0.156688119674716,"Baltimore-Columbia-Towson, MD",1,0.203534092346516,0.0528319383735172
12620,153923,0.597509528958381,"Bangor, ME",1,1,0.0524621912328785
12660,61976,0.412131476421366,"Baraboo, WI",0,1,0.0708278936041882
12680,43437,0.624550725900768,"Bardstown, KY",0,1,0.0733188572620472
12700,215888,0.713727826518561,"Barnstable Town, MA",1,1,0.0438213080734597
12740,59534,0.565903779955151,"Barre, VT",0,1,0.0426857315684961
12780,50976,0.822665078445795,"Bartlesville, OK",0,1,0.00494121039481327
12820,27979,0.551255399248606,"Bastrop, LA",0,1,0.165734950526411
12860,60079,0.508383416414698,"Batavia, NY",0,1,0.0750308991134896
12900,36647,0.541120115092924,"Batesville, AR",0,1,0.0824204727959691
12940,802484,0.201469461694577,"Baton Rouge, LA",1,0.348794860523057,0.0843272857415748
12980,136146,0.47184117730827,"Battle Creek, MI",1,1,0.156279990093487
13020,107771,0.398529298878158,"Bay City, MI",1,1,0.257513704441041
13060,36702,0.481934859014346,"Bay City, TX",0,1,0.246847390518663
13100,22311,0.43725786959936,"Beatrice, NE",0,1,0.31790546383977
13140,403190,0.190680277710231,"Beaumont-Port Arthur, TX",1,0.452335248654438,0.112994427484168
13180,88759,0.293627834910368,"Beaver Dam, WI",0,1,0.155415573104803
13220,124898,0.329163970591943,"Beckley, WV",1,0.534525198935852,0.0250118470961725
13260,46134,0.549771875998215,"Bedford, IN",0,1,0.0940791248882848
13300,31861,0.590220347059656,"Beeville, TX",0,1,0.162991791812061
13340,45858,0.490755099858151,"Bellefontaine, OH",0,1,0.0898309328715042
13380,201140,0.476130949485514,"Bellingham, WA",1,1,0.169242772718325
13420,44442,0.609010030065158,"Bemidji, MN",0,1,0.0917293348055974
13460,157733,0.450258582049303,"Bend-Redmond, OR",1,1,0.263976196927096
13500,28933,0.546560033080264,"Bennettsville, SC",0,1,0.104560411877368
13540,37125,0.878511292027718,"Bennington, VT",0,1,0.00237963636363636
13620,39361,0.505180484547989,"Berlin, NH-VT",0,0.730915379436337,0.0652058107136535
13660,42798,0.644858584350547,"Big Rapids, MI",0,1,0.0616943656807511
13700,36238,0.473406891715571,"Big Spring, TX",0,0.93462541509637,0.567334211323834
13720,61313,0.310662337649582,"Big Stone Gap, VA",0,0.528515401705212,0.0183728421607833
13740,158934,0.436978319685587,"Billings, MT",1,0.870864848778089,0.431599929602199
13780,251725,0.383540313929656,"Binghamton, NY",1,0.676300859455594,0.0425925139577929
13820,1128047,0.147318273590812,"Birmingham-Hoover, AL",1,0.384153203385098,0.0467003937158062
13900,114778,0.282751366842744,"Bismarck, ND",1,0.560673131787861,0.311156175599634
13940,45607,0.534588854894917,"Blackfoot, ID",0,1,0.0795121381362145
13980,178237,0.176475854083351,"Blacksburg-Christiansburg-Radford, VA",1,0.343969871309625,0.0828284934338578
14010,186133,0.30769761116866,"Bloomington, IL",1,0.837884723640602,0.251967370687855
14020,159549,0.417642805914682,"Bloomington, IN",1,0.766121724938208,0.255786820493694
14100,85562,0.343328918428334,"Bloomsburg-Berwick, PA",1,0.664171022843596,0.0498921177773706
14140,107342,0.298924463233264,"Bluefield, WV-VA",0,0.512816819070612,0.0206733885055327
14180,46480,0.356543402900753,"Blytheville, AR",0,1,0.155255856534078
14220,47168,0.566579595334013,"Bogalusa, LA",0,1,0.0749255122736605
14260,616561,0.204710257034719,"Boise City, ID",1,0.500079511813562,0.151521213456552
14340,26306,0.43499892510145,"Boone, IA",0,1,0.247315958276386
14380,51079,0.623950176205058,"Boone, NC",0,1,0.112363229464843
14420,22150,0.430772365455286,"Borger, TX",0,1,0.3742913278539
14460,4552402,0.0979074066477999,"Boston-Cambridge-Newton, MA-NH",1,0.199290670262867,0.023638040759152
14500,294567,0.340578667948569,"Boulder, CO",1,1,0.211513883473536
14540,158599,0.333542899856025,"Bowling Green, KY",1,0.54289501242568,0.135049566493206
14580,89513,0.490965519642957,"Bozeman, MT",0,1,0.181191980105596
14620,43450,0.515130407548422,"Bradford, PA",0,1,0.0530341736397934
14660,91067,0.277561473341289,"Brainerd, MN",0,0.569421254690049,0.0330571574240781
14700,83877,0.308412435624878,"Branson, MO",0,0.526949452987281,0.0212216650260101
14720,27994,0.494518183016029,"Breckenridge, CO",0,1,0.0567348990862712
14740,251133,0.590974406097672,"Bremerton-Silverdale, WA",1,1,0.0342878197950242
14780,33718,0.559532056986244,"Brenham, TX",0,1,0.217329483798838
14820,33090,0.67689563955696,"Brevard, NC",0,1,0.0531793762645006
14860,916829,0.460475784833917,"Bridgeport-Stamford-Norwalk, CT",1,1,0.0610100438106396
15020,34869,0.611309294324104,"Brookhaven, MS",0,1,0.128778660692205
15060,22364,0.53098303925914,"Brookings, OR",0,1,0.0929815732166072
15100,31965,0.437013109457673,"Brookings, SD",0,1,0.481081449337638
15180,406220,0.395230983641949,"Brownsville-Harlingen, TX",1,1,0.215747141046627
15220,38106,0.474937317129381,"Brownwood, TX",0,1,0.263333052024046
15260,112370,0.413328064482182,"Brunswick, GA",1,0.54523564358261,0.0191593080864571
15340,43784,0.414182643721168,"Bucyrus, OH",0,1,0.149109837772619
15380,1135509,0.364912944031625,"Buffalo-Cheektowaga-Niagara Falls, NY",1,0.691412053174465,0.0571017570066731
15420,43021,0.255582053279457,"Burley, ID",0,0.502245423620719,0.080835410816468
15460,47656,0.344222495715944,"Burlington, IA-IL",0,0.739665085404889,0.296718588179333
15500,151131,0.414551151366589,"Burlington, NC",1,1,0.129963283202055
15540,211261,0.322647218651824,"Burlington-South Burlington, VT",1,0.601251867656031,0.0518885111947781
15580,34200,0.490326350415512,"Butte-Silver Bow, MT",0,1,0.96130540166205
15620,47584,0.36548404395275,"Cadillac, MI",0,0.570643883146483,0.0488787689905204
15660,55186,0.625418346186238,"Calhoun, GA",0,1,0.0807264495963663
15680,105151,0.94725123272607,"California-Lexington Park, MD",1,1,0.000776440939155512
15700,32618,0.516349659645623,"Cambridge, MD",0,1,0.147441633790784
15740,40087,0.557333111990013,"Cambridge, OH",0,1,0.0747012754431014
15780,31488,0.360677284442326,"Camden, AR",0,0.71716996847941,0.154428152628605
15820,24512,0.604964298112969,"Campbellsville, KY",0,1,0.1380665738825
15860,46824,0.522917247282673,"Cañon City, CO",0,1,0.129929853685936
15900,37069,0.387796340665624,"Canton, IL",0,1,0.1698707306754
15940,404422,0.467063623681365,"Canton-Massillon, OH",1,0.867564363580969,0.0417794970771534
15980,618754,0.518487137288174,"Cape Coral-Fort Myers, FL",1,1,0.0775767446655587
16020,96275,0.294667959791467,"Cape Girardeau, MO-IL",1,0.64163798605292,0.179228929830418
16060,126575,0.238225740166552,"Carbondale-Marion, IL",1,0.501176168107249,0.058938255874461
16100,53829,0.430987602383749,"Carlsbad-Artesia, NM",0,1,0.280551529851168
16180,55274,0.5,"Carson City, NV",1,1,1
16220,75450,0.450440126817551,"Casper, WY",1,1,0.541642378641779
16260,46163,0.420546412792576,"Cedar City, UT",0,1,0.410392845539122
16300,257940,0.276971422671255,"Cedar Rapids, IA",1,0.687212029121722,0.260937218825805
16340,41475,0.571148018014505,"Cedartown, GA",0,1,0.0664200215021649
16380,40814,0.473151575625824,"Celina, OH",0,1,0.0825423001357855
16460,39437,0.563472050090962,"Centralia, IL",0,1,0.0397385451156899
16500,75455,0.535692145888843,"Centralia, WA",0,1,0.0575440017482173
16540,149618,0.648901317780456,"Chambersburg-Waynesboro, PA",1,1,0.0242949113613942
16580,231891,0.277812733340599,"Champaign-Urbana, IL",1,0.760816226315483,0.160952348575109
16620,227078,0.371635569140094,"Charleston, WV",1,0.736321828438924,0.0597375281532713
16660,64921,0.304427143123609,"Charleston-Mattoon, IL",0,0.717567662616637,0.196794781588327
16700,664607,0.173965082906868,"Charleston-North Charleston, SC",1,0.391489199795864,0.0728121454045304
16740,2217012,0.117165308307875,"Charlotte-Concord-Gastonia, NC-SC",1,0.217528630159357,0.114642191527918
16820,218705,0.217158277218453,"Charlottesville, VA",1,0.276038093259419,0.0395288139541708
16860,528143,0.232046798845668,"Chattanooga, TN-GA",1,0.44202569808669,0.104764508787189
16940,91738,0.511872501451185,"Cheyenne, WY",1,1,0.420349541020751
16980,9461105,0.111922340533393,"Chicago-Naperville-Elgin, IL-IN-WI",1,0.329216106845788,0.0843396160772379
17020,220000,0.447594802788145,"Chico, CA",1,1,0.173626518884298
17060,78064,0.608546023228515,"Chillicothe, OH",0,1,0.0792557442501443
17140,2114580,0.0969871290092711,"Cincinnati, OH-KY-IN",1,0.205053591279852,0.0236319636398626
17200,218466,0.232602817206735,"Claremont-Lebanon, NH-VT",0,0.291324553146101,0.00739788724361981
17220,94196,0.301585686892828,"Clarksburg, WV",0,0.577871212320949,0.0432602657132898
17260,26151,0.445087080152375,"Clarksdale, MS",0,1,0.476858747424443
17300,260625,0.283364203982112,"Clarksville, TN-KY",1,0.520761414568604,0.27576135624174
17340,64665,0.618903589559234,"Clearlake, CA",0,1,0.061018704319293
17380,34145,0.394060398500424,"Cleveland, MS",0,1,0.144708291311285
17420,115788,0.460665547643237,"Cleveland, TN",1,0.75161188260923,0.127333624114599
17460,2077240,0.135191139717203,"Cleveland-Elyria, OH",1,0.421992509586244,0.0465214612065705
17500,39140,0.618516484452045,"Clewiston, FL",0,1,0.0474716007080175
17540,49116,0.349413929221852,"Clinton, IA",0,1,0.336031270669824
17580,48376,0.486255391838323,"Clovis, NM",0,1,0.610477718906409
17660,138494,0.39281608610294,"Coeur d'Alene, ID",1,1,0.153403821013071
17700,35471,0.393408139248782,"Coffeyville, KS",0,1,0.16431194056678
17740,45248,0.56475671107946,"Coldwater, MI",0,1,0.0638338344586315
17780,228660,0.310764603899735,"College Station-Bryan, TX",1,0.737081466282336,0.280376942677278
17820,645613,0.455143303691752,"Colorado Springs, CO",1,0.930281774362683,0.417918705012303
17860,162642,0.493983986040039,"Columbia, MO",1,1,0.445676023891543
17900,767598,0.237296271489146,"Columbia, SC",1,0.376265362908559,0.030173997423466
17980,294865,0.298308983585882,"Columbus, GA-AL",1,0.461078068693176,0.416397406660129
18020,76794,0.474656387772188,"Columbus, IN",1,1,0.333428018910526
18060,59779,0.564974469720011,"Columbus, MS",0,1,0.156858328822985
18100,32237,0.477000082728289,"Columbus, NE",0,1,0.471409667532472
18140,1901974,0.18818644434701,"Columbus, OH",1,0.399187898046336,0.175750278768424
18180,146445,0.597679362810189,"Concord, NH",0,1,0.0883479604482309
18220,24277,0.533828246718135,"Connersville, IN",0,1,0.308463306927118
18260,106042,0.306310686495484,"Cookeville, TN",0,0.520540509351306,0.0858951425001911
18300,63043,0.431079023673892,"Coos Bay, OR",0,1,0.0963576971105249
18380,23439,0.544824425979905,"Cordele, GA",0,1,0.226796535550047
18420,37057,0.5305823262907,"Corinth, MS",0,1,0.158361108348972
18460,43041,0.688917300282715,"Cornelia, GA",0,1,0.0136619270306061
18500,98990,0.521999959780793,"Corning, NY",0,1,0.0257645856854605
18580,428185,0.322085523226217,"Corpus Christi, TX",1,0.657172290229483,0.511880664724095
18620,47735,0.453013917280401,"Corsicana, TX",0,1,0.250591560989234
18660,49336,0.516922919352642,"Cortland, NY",0,1,0.156767155238463
18700,85579,0.333101873777776,"Corvallis, OR",1,1,0.751530609171802
18740,36901,0.541056495874981,"Coshocton, OH",0,1,0.0972656536728529
18780,13795,0.502786022316437,"Craig, CO",0,1,0.471262546996019
18820,38124,0.480827852689726,"Crawfordsville, IN",0,1,0.177061160753911
18860,28610,0.667245596824717,"Crescent City, CA",0,1,0.0713661064727944
18880,235865,0.36171645128191,"Crestview-Fort Walton Beach-Destin, FL",1,0.64218679926736,0.0216798456199317
18900,56053,0.701510291615168,"Crossville, TN",0,1,0.0373700778842889
18980,80406,0.534244799555812,"Cullman, AL",0,1,0.0463497368730468
19000,40271,0.814023894426609,"Cullowhee, NC",0,1,0.00485298060791967
19060,103299,0.33037857792705,"Cumberland, MD-WV",1,0.602958055376007,0.0518615602397255
19100,6426214,0.0824723564609298,"Dallas-Fort Worth-Arlington, TX",1,0.242662875268447,0.0598687306340126
19140,142227,0.391159527330445,"Dalton, GA",1,0.59801376801983,0.0554160711757939
19180,81625,0.397848205957101,"Danville, IL",1,1,0.174262715092787
19220,53174,0.283887955998908,"Danville, KY",0,0.502407820314331,0.0996443519898534
19260,106561,0.328909014130443,"Danville, VA",0,0.518416306192032,0.16368196452858
19300,182265,0.454669282662773,"Daphne-Fairhope-Foley, AL",1,1,0.0356434038824857
19340,379690,0.13674367981853,"Davenport-Moline-Rock Island, IA-IL",1,0.359920134621828,0.106393650232444
19380,799232,0.173815515748285,"Dayton, OH",1,0.505661102947261,0.0519626870703627
19420,31809,0.59269735827996,"Dayton, TN",0,1,0.0572149949591302
19460,153829,0.475072831015044,"Decatur, AL",1,0.6532050482422,0.00977972823231178
19500,110768,0.424008993051558,"Decatur, IL",1,1,0.477108061988501
19540,34387,0.517246961227489,"Decatur, IN",0,1,0.0903424367965784
19580,39037,0.497785373029938,"Defiance, OH",0,1,0.187471100431439
19620,48879,0.512373263304368,"Del Rio, TX",0,1,0.530195157262608
19660,590289,0.251298015688288,"Deltona-Daytona Beach-Ormond Beach, FL",1,0.728329572775862,0.06810522704182
19700,25095,0.492687319274567,"Deming, NM",0,1,0.354802253131664
19740,2543482,0.0884627844109507,"Denver-Aurora-Lakewood, CO",1,0.193784179652023,0.084969559049865
19760,35654,0.617833185004536,"DeRidder, LA",0,1,0.0889789226232167
19780,569633,0.2115478843871,"Des Moines-West Des Moines, IA",1,0.592721214144494,0.153446721042057
19820,4296250,0.120465502851194,"Detroit-Warren-Dearborn, MI",1,0.299850827017472,0.0342859268735438
19860,24199,0.466392203130601,"Dickinson, ND",0,1,0.542130104765625
19940,36031,0.354677748517756,"Dixon, IL",0,1,0.268522915741931
19980,33848,0.477748202354539,"Dodge City, KS",0,1,0.653538141771735
20020,145639,0.258670283002375,"Dothan, AL",1,0.534109988240412,0.206462785358112
20060,42356,0.569869909870823,"Douglas, GA",0,1,0.080094417066888
20100,162310,0.505741419466693,"Dover, DE",1,1,0.0581093864848886
20140,58414,0.407711151676026,"Dublin, GA",0,0.716680163998439,0.0804103095390262
20180,81642,0.599099320455244,"DuBois, PA",0,1,0.0167063765052555
20220,93653,0.446236649031277,"Dubuque, IA",1,1,0.38222440402475
20260,279771,0.226999754033389,"Duluth, MN-WI",1,0.553106361062397,0.113181708404641
20300,21904,0.407976475797779,"Dumas, TX",0,1,0.478632918109757
20340,45048,0.418692671854175,"Duncan, OK",0,1,0.284687239607652
20380,114678,0.654698470885338,"Dunn, NC",0,1,0.0115021316660999
20420,51334,0.576413051856192,"Durango, CO",0,1,0.110466653529244
20460,42416,0.487253770789426,"Durant, OK",0,1,0.144148542272505
20500,504357,0.171389005821712,"Durham-Chapel Hill, NC",1,0.373839547278117,0.934596765545928
20540,38335,0.502531916236384,"Dyersburg, TN",0,1,0.207769824310609
20580,54258,0.560525686510228,"Eagle Pass, TX",0,1,0.234026410957157
20660,37782,0.527940951393919,"Easton, MD",0,1,0.179957464664831
20700,169842,0.810004910566453,"East Stroudsburg, PA",1,1,0.00479862170121097
20740,161151,0.254940375401556,"Eau Claire, WI",1,0.525399173748984,0.178987350717289
20780,52197,0.429588063892857,"Edwards, CO",0,1,0.0624016227105512
20820,34242,0.470534817880954,"Effingham, IL",0,1,0.13749530534616
20900,41280,0.469397480537895,"El Campo, TX",0,1,0.127797948684724
20940,174528,0.358148637906643,"El Centro, CA",1,1,0.139278586955899
20980,41639,0.486853908364559,"El Dorado, AR",0,1,0.208828334869129
21020,64094,0.312869085747598,"Elizabeth City, NC",0,0.470759811599886,0.0861724087301648
21060,148338,0.299997214175,"Elizabethtown-Fort Knox, KY",1,0.552570025942043,0.0601868626632728
21120,22119,0.411763465840052,"Elk City, OK",0,1,0.32099729651392
21140,197559,0.492065999003024,"Elkhart-Goshen, IN",1,1,0.0938842350672196
21180,29405,0.611868106657969,"Elkins, WV",0,1,0.0595590149482043
21220,50805,0.461530043565732,"Elko, NV",0,0.924838587279395,0.14005589508955
21260,40915,0.494517864479957,"Ellensburg, WA",0,1,0.201182081838114
21300,88830,0.520731311249286,"Elmira, NY",1,1,0.115564408811922
21340,804123,0.4663687488367,"El Paso, TX",1,0.991391928301719,0.653702335563167
21380,33690,0.467943275185938,"Emporia, KS",0,1,0.548205841309211
21420,60580,0.457736085813501,"Enid, OK",0,1,0.665517232669209
21460,49948,0.476922214422404,"Enterprise, AL",0,1,0.289669543343577
21500,280566,0.510662085377246,"Erie, PA",1,1,0.13352379835108
21540,37069,0.517332863850376,"Escanaba, MI",0,1,0.13386331816959
21580,40246,0.65071215804417,"Española, NM",0,1,0.0651799834338403
21660,351715,0.411836548023229,"Eugene, OR",1,1,0.227781430702071
21700,134623,0.496075997478208,"Eureka-Arcata-Fortuna, CA",0,1,0.0658495775232642
21740,21118,0.432697250489141,"Evanston, WY",0,1,0.356840713769747
21780,311552,0.228046179364191,"Evansville, IN-KY",1,0.398356518529352,0.151710386887674
21820,97581,0.610900488236031,"Fairbanks, AK",1,1,0.104907845499536
21840,16843,0.478653246265853,"Fairfield, IA",0,1,0.317620488372014
21900,56418,0.482292454720613,"Fairmont, WV",0,1,0.115864933321747
21980,24877,0.61807277457537,"Fallon, NV",0,1,0.119675891449363
22020,208777,0.243444511079881,"Fargo, ND-MN",1,0.594531268909931,0.305156956878922
22060,64142,0.53125847126874,"Faribault-Northfield, MN",0,1,0.136537987156609
22100,65359,0.415315398247112,"Farmington, MO",0,1,0.0978206131984798
22140,130044,0.525440872442102,"Farmington, NM",1,1,0.13104984485576
22180,366383,0.392118321027266,"Fayetteville, NC",1,0.776544769692827,0.302801467170009
22220,463204,0.161006272400149,"Fayetteville-Springdale-Rogers, AR-MO",1,0.424156727744197,0.0741199819766268
22260,57303,0.458974208543502,"Fergus Falls, MN",0,1,0.0637388168639118
22280,51980,0.557626246209772,"Fernley, NV",0,1,0.142272780500862
22300,74782,0.406679899472113,"Findlay, OH",0,1,0.336965754169036
22340,17634,0.551694733054576,"Fitzgerald, GA",0,1,0.263562347959349
22380,134421,0.458383944038793,"Flagstaff, AZ",1,1,0.249203646517444
22420,425790,0.513859749402865,"Flint, MI",1,1,0.0649189076849786
22500,205566,0.334977441851299,"Florence, SC",1,0.555041102605163,0.0362191089960143
22520,147137,0.268118623182574,"Florence-Muscle Shoals, AL",1,0.533844862875601,0.0867345786348484
22540,101633,0.43069518855732,"Fond du Lac, WI",1,1,0.189811332307639
22580,67810,0.622551350562689,"Forest City, NC",0,1,0.0206275117322639
22620,28258,0.449248683038231,"Forrest City, AR",0,1,0.300621576389933
22660,299630,0.372521588905707,"Fort Collins, CO",1,1,0.286793263995658
22700,38013,0.445556738233139,"Fort Dodge, IA",0,1,0.4418152672086
22780,52274,0.676134216402113,"Fort Leonard Wood, MO",0,1,0.0167593082581542
22800,62105,0.18515389288477,"Fort Madison-Keokuk, IA-IL-MO",0,0.441274952150534,0.0695955205597549
22820,28159,0.431765965065866,"Fort Morgan, CO",0,1,0.201156486236507
22860,52334,0.658470550593636,"Fort Polk South, LA",0,1,0.0198054210360002
22900,280467,0.148381677088059,"Fort Smith, AR-OK",1,0.304908754366235,0.105736788253896
23060,416257,0.368203337816543,"Fort Wayne, IN",1,0.739486843125284,0.374047911230691
23140,33224,0.464334083309737,"Frankfort, IN",0,1,0.249406594745622
23180,70706,0.32035925688481,"Frankfort, KY",0,0.57765052375822,0.152416717482657
23240,24837,0.581822117359885,"Fredericksburg, TX",0,1,0.179745682640768
23300,47711,0.447829113919708,"Freeport, IL",0,1,0.293820871108972
23340,36691,0.444028245287318,"Fremont, NE",0,1,0.520253148430346
23380,60944,0.489541938914834,"Fremont, OH",0,1,0.0897649178758789
23420,930450,0.393338777831392,"Fresno, CA",1,1,0.296403688712915
23460,104430,0.413357673871807,"Gadsden, AL",1,1,0.146764869384055
23500,55342,0.647746507202554,"Gaffney, SC",0,1,0.0516785969087223
23540,264275,0.445957767432374,"Gainesville, FL",1,0.880024399139116,0.223487800420598
23580,179684,0.66713650382828,"Gainesville, GA",1,1,0.0369037799674458
23620,38437,0.512069983280772,"Gainesville, TX",0,1,0.176121077634033
23660,52919,0.412796239135083,"Galesburg, IL",0,1,0.378254732789758
23700,71492,0.642929095773013,"Gallup, NM",0,1,0.0919440289666429
23780,40753,0.398246771426128,"Garden City, KS",0,0.823870984157197,0.433785775286308
23860,60158,0.710249830232408,"Georgetown, SC",0,1,0.0254647366365792
23900,101407,0.609459362286627,"Gettysburg, PA",1,1,0.0112259154033301
23940,46133,0.501852831350402,"Gillette, WY",0,1,0.399068411059148
23980,52272,0.417493907672924,"Glasgow, KY",0,0.688251315532869,0.0748929970473488
24020,128923,0.313716897841943,"Glens Falls, NY",1,0.500186662317582,0.0181992152940258
24060,73537,0.276806255103072,"Glenwood Springs, CO",0,0.642376502344452,0.0555413822732497
24100,55531,0.468084036895768,"Gloversville, NY",0,1,0.10713121419977
24140,122623,0.622603030692626,"Goldsboro, NC",1,1,0.0884811391414124
24220,98461,0.266930214480666,"Grand Forks, ND-MN",1,0.564125500702106,0.302878812877494
24260,81850,0.276209835075931,"Grand Island, NE",1,0.540186102011032,0.357165114455761
24300,146723,0.51055152943194,"Grand Junction, CO",1,1,0.167129329012441
24340,988938,0.23704780301476,"Grand Rapids-Wyoming, MI",1,0.450162198479482,0.0452856729593894
24380,27213,0.53164308621183,"Grants, NM",0,1,0.128066283090123
24420,82713,0.566352416526886,"Grants Pass, OR",1,1,0.174827772148634
24460,27674,0.417547613944284,"Great Bend, KS",0,1,0.350237451634737
24500,81327,0.503711723201437,"Great Falls, MT",1,1,0.517632502044034
24540,252825,0.40585455247153,"Greeley, CO",1,1,0.145764380334711
24580,306241,0.258546422326273,"Green Bay, WI",1,0.675481329831149,0.134789044955987
24620,68831,0.623484250647151,"Greeneville, TN",0,1,0.0505983675674083
24640,71372,0.684206760840434,"Greenfield Town, MA",0,1,0.0598182540485756
24660,723801,0.274327543543324,"Greensboro-High Point, NC",1,0.510420393595085,0.141672749115985
24700,25740,0.496081464667508,"Greensburg, IN",0,1,0.20399493711848
24740,51137,0.431754092461488,"Greenville, MS",0,1,0.463484637268609
24780,168148,0.471855723855232,"Greenville, NC",1,1,0.257635568424175
24820,52959,0.46524770104131,"Greenville, OH",0,1,0.0700350689500556
24860,824112,0.231441455375793,"Greenville-Anderson-Mauldin, SC",1,0.378793586355656,0.0096508675172858
24900,42914,0.355102043154844,"Greenwood, MS",0,0.628083047548648,0.1284794487664
24940,95078,0.332939406238667,"Greenwood, SC",0,0.608272632560084,0.0657167458178723
24980,21906,0.531712438869055,"Grenada, MS",0,1,0.357178925626872
25060,370702,0.180390925801218,"Gulfport-Biloxi-Pascagoula, MS",1,0.410749523073381,0.0606332069275265
25100,20640,0.399942108083053,"Guymon, OK",0,1,0.323654060847455
25180,251599,0.332780413684564,"Hagerstown-Martinsburg, MD-WV",1,0.514782411627504,0.0300092574712358
25200,27701,0.275411999412061,"Hailey, ID",0,0.632445738734544,0.105316936668524
25220,121097,0.60441751471496,"Hammond, LA",1,1,0.0321071263042949
25260,152982,0.375960851174677,"Hanford-Corcoran, CA",1,1,0.186736961454181
25300,38948,0.297870217708875,"Hannibal, MO",0,0.614203417656788,0.225487167148359
25420,549475,0.265453658028387,"Harrisburg-Carlisle, PA",1,0.42860875112558,0.0107667462591081
25460,45233,0.415624389990609,"Harrison, AR",0,0.699512863407654,0.0827087341581408
25500,125228,0.293460452783373,"Harrisonburg, VA",1,0.523936918483818,0.156508699531422
25540,1212381,0.38027110664367,"Hartford-West Hartford-East Hartford, CT",1,0.578299745562945,0.0182708420227464
25580,31364,0.465644410456682,"Hastings, NE",0,1,0.632163259578147
25620,142842,0.257498474334978,"Hattiesburg, MS",1,0.434378094455352,0.109677178069418
25700,28452,0.449356396148629,"Hays, KS",0,1,0.526769611548182
25720,23530,0.412663333068893,"Heber, UT",0,1,0.262707498398388
25740,74801,0.430782327462923,"Helena, MT",0,0.741533916966543,0.143174645745128
25760,21757,0.467799943846413,"Helena-West Helena, AR",0,1,0.323082608565769
25780,45422,0.610170536133359,"Henderson, NC",0,1,0.114587051682269
25820,19372,0.506634596893543,"Hereford, TX",0,1,0.629504464125641
25840,87062,0.299438019010124,"Hermiston-Pendleton, OR",0,0.776271482264731,0.0894622612277636
25860,365497,0.164944821627307,"Hickory-Lenoir-Morganton, NC",1,0.302189363756375,0.0196222236679691
25880,46688,0.591971632812365,"Hillsdale, MI",0,1,0.0358021348519341
25940,187010,0.40133740951159,"Hilton Head Island-Bluffton-Beaufort, SC",1,0.770126845680016,0.0522180712685993
25980,77917,0.36262183126124,"Hinesville, GA",1,0.697652680107284,0.188450056558165
26020,64727,0.410531891686194,"Hobbs, NM",0,1,0.310024550885485
26090,111408,0.469078531193571,"Holland, MI",0,1,0.095744949868789
26140,141236,0.871156207423788,"Homosassa Springs, FL",1,1,0.00309028355376977
26220,22346,0.587346249365361,"Hood River, OR",0,1,0.105487709792267
26300,96024,0.595045107427292,"Hot Springs, AR",1,1,0.134416506652934
26340,38784,0.458168804975722,"Houghton, MI",0,0.895000613535982,0.0578173990869461
26380,208178,0.339454338333053,"Houma-Thibodaux, LA",1,0.502786853568055,0.0313982340685568
26420,5920416,0.251975469210753,"Houston-The Woodlands-Sugar Land, TX",1,0.499015382029456,0.127774563931721
26460,63096,0.698970607641373,"Hudson, NY",0,1,0.013783657809259
26500,45913,0.600229996020693,"Huntingdon, PA",0,1,0.0274863870498504
26540,37124,0.471716420836605,"Huntington, IN",0,1,0.22455179548301
26580,364908,0.100679003475016,"Huntington-Ashland, WV-KY-OH",1,0.167839900838006,0.0240409205610248
26620,417593,0.297837362002834,"Huntsville, AL",1,0.682122924964427,0.217189094191528
26660,82446,0.395851594002973,"Huntsville, TX",0,0.708782476555579,0.220036638504645
26700,17398,0.475273607498162,"Huron, SD",0,1,0.524739641234216
26740,64511,0.449424050142854,"Hutchinson, KS",0,1,0.428234592223364
26780,36651,0.397796465652489,"Hutchinson, MN",0,1,0.180887331605677
26820,133265,0.323632782565783,"Idaho Falls, ID",1,0.650713423676571,0.193778287716581
26860,88880,0.639430526228976,"Indiana, PA",0,1,0.0270002687712516
26900,1887877,0.142252131856396,"Indianapolis-Carmel-Anderson, IN",1,0.271036671825244,0.196666545488385
26940,29450,0.405016129729957,"Indianola, MS",0,1,0.155720913983299
26960,63905,0.520802252930727,"Ionia, MI",0,1,0.0453578121683869
26980,152586,0.300218331271645,"Iowa City, IA",1,0.755982865603266,0.224063689169923
27020,30591,0.373463663067387,"Iron Mountain, MI-WI",0,0.752639632134616,0.0989166188874333
27060,101564,0.532334659750062,"Ithaca, NY",1,1,0.0911131879213675
27100,160248,0.672528898761455,"Jackson, MI",1,1,0.0440072104748922
27140,567122,0.140484957827023,"Jackson, MS",1,0.28509707363136,0.104627692812744
27160,33225,0.526878091995176,"Jackson, OH",0,1,0.0685081775363611
27180,130011,0.326107146447258,"Jackson, TN",1,0.60155103457121,0.254895650390385
27220,31464,0.32499133295144,"Jackson, WY-ID",0,0.562497709052255,0.0992583151625217
27260,1345596,0.29163266303164,"Jacksonville, FL",1,0.455976985516187,0.373631692747731
27300,40902,0.328524695834509,"Jacksonville, IL",0,0.772436116690817,0.237032950819946
27340,177772,0.557685531569785,"Jacksonville, NC",1,1,0.156166648540642
27380,50845,0.45133814235344,"Jacksonville, TX",0,1,0.0988695375037662
27420,21100,0.481514230485368,"Jamestown, ND",0,1,0.534986736596213
27460,134905,0.444552881694407,"Jamestown-Dunkirk-Fredonia, NY",0,1,0.0711588373646033
27500,160331,0.409775819577256,"Janesville-Beloit, WI",1,1,0.212849517348301
27540,54734,0.322520394501386,"Jasper, IN",0,0.640788922382786,0.0916327266167276
27600,60485,0.5659772676684,"Jefferson, GA",0,1,0.0382566251395089
27620,149807,0.197980077428504,"Jefferson City, MO",1,0.364313949526546,0.0921730793305871
27700,30099,0.584749022874379,"Jesup, GA",0,1,0.116084321541785
27740,198716,0.271340470737251,"Johnson City, TN",1,0.474997292203499,0.108012966534671
27780,143679,0.493476249586888,"Johnstown, PA",1,1,0.0262542584112927
27860,121026,0.313505052178907,"Jonesboro, AR",1,0.676273517373662,0.314885792413861
27900,175518,0.236504141256347,"Joplin, MO",1,0.557054457721949,0.099600591105423
27920,34362,0.483365702907551,"Junction City, KS",0,1,0.46417826052165
27940,31275,0.5,"Juneau, AK",0,1,1
28020,326589,0.339001647588497,"Kalamazoo-Portage, MI",1,0.642046234843274,0.0723219832642951
28060,90928,0.587321962420279,"Kalispell, MT",0,1,0.0555732478865582
28100,113449,0.366632712914779,"Kankakee, IL",1,1,0.113773715645993
28140,2009342,0.079536970593957,"Kansas City, MO-KS",1,0.21102738358028,0.0788196957479552
28260,52591,0.357799226130458,"Kearney, NE",0,0.783676013088029,0.348692231187533
28300,77117,0.642722078160383,"Keene, NH",0,1,0.0921436625289185
28340,47536,0.510395444849364,"Kendallville, IN",0,1,0.0575571040930725
28380,31953,0.38946160523109,"Kennett, MO",0,1,0.145101468445253
28420,253340,0.227918117256322,"Kennewick-Richland, WA",1,0.57332149217332,0.179903791355231
28500,49625,0.544798626414723,"Kerrville, TX",0,1,0.204107257834261
28540,13477,0.512390042164676,"Ketchikan, AK",0,1,0.357713976123343
28580,73090,0.473186633219625,"Key West, FL",0,1,0.133752307615732
28620,38327,0.390209298265924,"Kill Devil Hills, NC",0,0.796474309732046,0.0499140680876041
28660,405300,0.238714604840544,"Killeen-Temple, TX",1,0.622861628804474,0.141086889109139
28700,309544,0.183730232299945,"Kingsport-Bristol-Bristol, TN-VA",1,0.330733771367153,0.0368621476734934
28740,182493,0.693246808813049,"Kingston, NY",1,1,0.0195241890740146
28780,32477,0.497951554356213,"Kingsville, TX",0,0.974710014532666,0.65145083396856
28820,59495,0.52916194586909,"Kinston, NC",0,1,0.137103714224241
28860,30038,0.381529946493308,"Kirksville, MO",0,0.748493958831763,0.341313073706523
28900,66380,0.597622821040745,"Klamath Falls, OR",0,1,0.0990346790385158
28940,837571,0.178156194316209,"Knoxville, TN",1,0.307769597174518,0.0492348323562404
29020,82752,0.51417642709303,"Kokomo, IN",1,1,0.302920611103008
29060,60088,0.668462341327803,"Laconia, NH",0,1,0.0704693607875981
29100,133665,0.314024536080486,"La Crosse-Onalaska, WI-MN",1,0.755829322042062,0.17294004556103
29180,466750,0.142942706648596,"Lafayette, LA",1,0.295431340267018,0.0762149951209072
29200,201789,0.358273226785626,"Lafayette-West Lafayette, IN",1,0.745050083814575,0.132931962772539
29260,25748,0.414819869078472,"La Grande, OR",0,1,0.271739513368527
29300,67044,0.541300403493371,"LaGrange, GA",0,1,0.196848372665697
29340,199607,0.457629299088316,"Lake Charles, LA",1,0.933823162954067,0.141811395167303
29380,67531,0.732651263847554,"Lake City, FL",0,1,0.0318889698800005
29420,200186,0.427630841567574,"Lake Havasu City-Kingman, AZ",1,1,0.128100422270522
29460,602095,0.545350639989593,"Lakeland-Winter Haven, FL",1,1,0.0327040750343354
29500,13833,0.474670652319724,"Lamesa, TX",0,1,0.467794733920813
29540,519445,0.602017504040117,"Lancaster, PA",1,1,0.015877893840742
29620,464036,0.233252703936668,"Lansing-East Lansing, MI",1,0.446740876429771,0.0733112908525182
29660,36299,0.499695524473034,"Laramie, WY",0,1,0.720759971960935
29700,250304,0.484369318439319,"Laredo, TX",1,1,0.890196210458198
29740,209233,0.507264704097377,"Las Cruces, NM",1,1,0.222387769793254
29780,29393,0.531867984577094,"Las Vegas, NM",0,1,0.221173697598709
29820,1951269,0.461190473612848,"Las Vegas-Henderson-Paradise, NV",1,1,0.119430679946973
29860,84823,0.419547193640193,"Laurel, MS",0,0.678624708907616,0.051149656567269
29900,36157,0.540090451414602,"Laurinburg, NC",0,1,0.195721744639897
29940,110826,0.455121041730694,"Lawrence, KS",1,1,0.630147231875277
29980,41869,0.603802001258465,"Lawrenceburg, TN",0,1,0.0642415673227225
30020,130291,0.428449836230031,"Lawton, OK",1,0.909454468308518,0.55417452057519
30060,35571,0.565865724695136,"Lebanon, MO",0,1,0.166094890990021
30140,133568,0.578325907031256,"Lebanon, PA",1,1,0.0414365753446012
30220,22935,0.44384261876446,"Levelland, TX",0,1,0.355596005031993
30260,44947,0.67267409871737,"Lewisburg, PA",0,1,0.0232255816215684
30280,30617,0.540863446832558,"Lewisburg, TN",0,1,0.135186225577865
30300,60888,0.290626609534981,"Lewiston, ID-WA",1,0.541976113158245,0.289297497462381
30340,107702,0.48098187727848,"Lewiston-Auburn, ME",1,1,0.161254526777488
30380,46682,0.658869380607722,"Lewistown, PA",0,1,0.0340932461147313
30420,26370,0.344899679491918,"Lexington, NE",0,0.856991671710694,0.192978587583223
30460,472099,0.244109315314109,"Lexington-Fayette, KY",1,0.423438706599726,0.402161437096697
30580,22952,0.491242394129593,"Liberal, KS",0,1,0.800096551537505
30620,106331,0.468425488606733,"Lima, OH",1,1,0.140972653334402
30660,30305,0.435966201041441,"Lincoln, IL",0,1,0.236210426358584
30700,302157,0.44168728686089,"Lincoln, NE",1,0.895276509807216,0.731974866890422
30780,699757,0.152495141499298,"Little Rock-North Little Rock-Conway, AR",1,0.359215244452779,0.0994949635194106
30820,39238,0.519191072062881,"Lock Haven, PA",0,1,0.0678582996448832
30860,125442,0.273298772362927,"Logan, UT-ID",1,0.816923296660231,0.171003729848262
30880,36743,0.795397525780361,"Logan, WV",0,1,0.00414989896407754
30900,38966,0.505192003304645,"Logansport, IN",0,1,0.225233608257098
30940,126369,0.262156057851893,"London, KY",0,0.360052699260868,0.00969143413500196
30980,214369,0.214006786169723,"Longview, TX",1,0.417971249328931,0.151246884468406
31020,102410,0.496769171199731,"Longview, WA",1,1,0.142518262610087
31080,12828837,0.20179799529011,"Los Angeles-Long Beach-Anaheim, CA",1,0.640825762563101,0.0939126412117452
31140,1235708,0.195330372700314,"Louisville/Jefferson County, KY-IN",1,0.380757644791421,0.237718494882503
31180,290805,0.438775676223749,"Lubbock, TX",1,0.920192521651393,0.624158913811667
31220,28705,0.597380601191961,"Ludington, MI",0,1,0.0811117433765826
31260,86771,0.484005297668375,"Lufkin, TX",0,1,0.170061014800643
31300,134168,0.65267917445831,"Lumberton, NC",0,1,0.0273043094861253
31340,252634,0.174199390912843,"Lynchburg, VA",1,0.231013341673849,0.0904112743243467
31380,32612,0.419615745457449,"Macomb, IL",0,1,0.36175151165368
31420,232293,0.308865875310663,"Macon, GA",1,0.481021530185621,0.155157533644227
31460,150865,0.503783267416778,"Madera, CA",1,1,0.18112119934931
31500,32428,0.516284818394061,"Madison, IN",0,1,0.148258240943807
31540,605435,0.255811258859825,"Madison, WI",1,0.663927508435905,0.156572739327037
31580,46920,0.497997329059634,"Madisonville, KY",0,1,0.176908964779433
31620,24552,0.487372531646617,"Magnolia, AR",0,1,0.226660898192979
31660,51599,0.68991075545073,"Malone, NY",0,1,0.0185354729441862
31680,32923,0.58547576718696,"Malvern, AR",0,1,0.0990495274876435
31700,400721,0.505587132366222,"Manchester-Nashua, NH",1,1,0.121347779875105
31740,92719,0.328816583734944,"Manhattan, KS",1,0.642572551718914,0.321802844908958
31820,81442,0.435175043975154,"Manitowoc, WI",0,1,0.193556319518426
31860,96740,0.232147219173401,"Mankato-North Mankato, MN",1,0.552294729410966,0.199853621806685
31900,124475,0.463193324797889,"Mansfield, OH",1,1,0.157544949071297
31930,61778,0.557446528389361,"Marietta, OH",0,1,0.0636034403941765
31940,65778,0.28140895290458,"Marinette, WI-MI",0,0.536285750534142,0.0490278334119749
31980,70061,0.409712097287752,"Marion, IN",0,1,0.196453473944722
32000,44996,0.722559681239865,"Marion, NC",0,1,0.0307505075015765
32020,66501,0.501280789370563,"Marion, OH",0,1,0.307474634533582
32100,67077,0.507170508773407,"Marquette, MI",0,1,0.115298110824241
32140,25857,0.401363862861955,"Marshall, MN",0,1,0.293354027742276
32180,23370,0.434179661899332,"Marshall, MO",0,1,0.323213120625227
32220,65631,0.533315868013112,"Marshall, TX",0,1,0.132566629008488
32260,40648,0.443051081680555,"Marshalltown, IA",0,1,0.462196919595526
32280,35021,0.470271920421537,"Martin, TN",0,1,0.120997648242547
32300,67972,0.486627816380728,"Martinsville, VA",0,0.676021756671355,0.0414637687118642
32340,23370,0.4612453897363,"Maryville, MO",0,1,0.264450603846624
32380,51749,0.305381986347901,"Mason City, IA",0,0.749466442260891,0.320794854842514
32460,37121,0.640400036072726,"Mayfield, KY",0,1,0.0732657028586183
32500,17490,0.536811313379208,"Maysville, KY",0,1,0.265682273395792
32540,45837,0.459055312476256,"McAlester, OK",0,1,0.166506294654488
32580,774769,0.371994066695846,"McAllen-Edinburg-Mission, TX",1,1,0.0622987208569087
32620,53535,0.356305863654378,"McComb, MS",0,0.629765790078806,0.0617340970154279
32660,39839,0.596589299650601,"McMinnville, TN",0,1,0.116973410285443
32700,29180,0.396438928670665,"McPherson, KS",0,1,0.225103329244729
32740,88765,0.586519268482324,"Meadville, PA",0,1,0.0282616343157014
32780,203206,0.403782758574121,"Medford, OR",1,1,0.156455604981236
32820,1324829,0.235172735734961,"Memphis, TN-MS-AR",1,0.510906941956464,0.245511981528182
32860,43857,0.525325786481241,"Menomonie, WI",0,1,0.139484289766623
32900,255793,0.414583261461433,"Merced, CA",1,1,0.13063217711183
32940,107449,0.348002994466346,"Meridian, MS",0,0.591680009808358,0.147623469843434
32980,28743,0.532834661231134,"Merrill, WI",0,1,0.126942146533159
33020,25529,0.378397083287309,"Mexico, MO",0,1,0.253414368362488
33060,31848,0.450759797798955,"Miami, OK",0,1,0.190839640491846
33100,5564635,0.129560945924019,"Miami-Fort Lauderdale-West Palm Beach, FL",1,0.356228589540488,0.0146974606948069
33140,111467,0.440609439069488,"Michigan City-La Porte, IN",1,1,0.122398929592828
33180,28691,0.561643669398814,"Middlesborough, KY",0,1,0.133375749503767
33220,83629,0.951874665960241,"Midland, MI",1,1,0.000326421523773927
33260,141671,0.477375187467986,"Midland, TX",1,0.934546414777458,0.615817224484962
33300,55149,0.452391942678385,"Milledgeville, GA",0,0.71651729426333,0.103827171106952
33340,1555908,0.167581721666807,"Milwaukee-Waukesha-West Allis, WI",1,0.444089898235972,0.156349165551276
33420,28111,0.488929450220022,"Mineral Wells, TX",0,1,0.357982763313288
33460,3348859,0.0554180809939845,"Minneapolis-St. Paul-Bloomington, MN-WI",1,0.176120946930674,0.0277463976244519
33500,69540,0.387697466246926,"Minot, ND",0,0.793871405163923,0.346986792041278
33540,109299,0.529141913028805,"Missoula, MT",1,1,0.373391562460787
33580,22835,0.389807136218851,"Mitchell, SD",0,0.750812481790114,0.447980935768443
33620,25414,0.472870498419101,"Moberly, MO",0,1,0.306859913951043
33660,412992,0.469838727062369,"Mobile, AL",1,1,0.227871253455546
33700,514453,0.371429326726168,"Modesto, CA",1,1,0.184414870803168
33740,176441,0.42813816661244,"Monroe, LA",1,0.775617598369183,0.0830676740938385
33780,152021,0.592451127420328,"Monroe, MI",1,1,0.0255002053083328
33860,374536,0.245916881315864,"Montgomery, AL",1,0.441996320565454,0.312326497389839
33940,41276,0.514117387691159,"Montrose, CO",0,1,0.217323522429348
33980,66469,0.510138848271289,"Morehead City, NC",0,1,0.0299089976946007
34020,54650,0.541753943466806,"Morgan City, LA",0,1,0.0423318166256365
34060,129709,0.375511037449415,"Morgantown, WV",1,0.616717321259587,0.0541867735917026
34100,113951,0.299902949907152,"Morristown, TN",1,0.504776064267672,0.0715034843988795
34140,37244,0.456067286521764,"Moscow, ID",0,1,0.410583779951261
34180,89120,0.445534601851578,"Moses Lake, WA",0,1,0.0699319996800957
34220,45498,0.555122279593212,"Moultrie, GA",0,1,0.100091355742727
34260,41513,0.540448900939387,"Mountain Home, AR",0,1,0.0935927470511004
34300,27038,0.515897004813294,"Mountain Home, ID",0,1,0.278434085319759
34340,73673,0.669133336599924,"Mount Airy, NC",0,1,0.0236960795595826
34380,70311,0.563800954929832,"Mount Pleasant, MI",0,1,0.13797305596962
34420,32334,0.534663098939378,"Mount Pleasant, TX",0,1,0.232237225212846
34460,44396,0.291144700608895,"Mount Sterling, KY",0,0.444602626480848,0.0272707887690925
34500,38827,0.490194920353957,"Mount Vernon, IL",0,1,0.159570342154014
34540,60921,0.517967707716899,"Mount Vernon, OH",0,1,0.0833769900764746
34580,116901,0.438106268077201,"Mount Vernon-Anacortes, WA",1,1,0.105341964167237
34620,117671,0.440014543426531,"Muncie, IN",1,1,0.362476284749898
34660,37191,0.554432744946621,"Murray, KY",0,1,0.227673439627143
34700,42745,0.424467414244076,"Muscatine, IA",0,1,0.297681993152093
34740,172188,0.465152279936653,"Muskegon, MI",1,1,0.074689798523312
34780,70990,0.482662789034077,"Muskogee, OK",0,1,0.306868292261095
34820,376722,0.35251104271127,"Myrtle Beach-Conway-North Myrtle Beach, SC-NC",1,0.592301149625856,0.010992228408402
34860,64524,0.526552519639473,"Nacogdoches, TX",0,1,0.261877131076488
34900,136484,0.410445808424724,"Napa, CA",1,1,0.341603750955124
34940,321520,0.812255722148933,"Naples-Immokalee-Marco Island, FL",1,1,0.00629978469169306
34980,1670890,0.109957304853614,"Nashville-Davidson--Murfreesboro--Franklin, TN",1,0.197256199224622,0.139520408567312
35020,53119,0.287996286778113,"Natchez, MS-LA",0,0.523333270276359,0.0996527277713118
35060,39566,0.500689780280443,"Natchitoches, LA",0,1,0.215994118759434
35100,126802,0.32886195289655,"New Bern, NC",1,0.68345705237944,0.083061687957116
35140,37508,0.580559996022753,"Newberry, SC",0,1,0.0776434353561646
35220,49462,0.483596453192706,"New Castle, IN",0,1,0.138976749249362
35260,91108,0.589479722357978,"New Castle, PA",0,1,0.0667097423260963
35300,862477,0.439280166704222,"New Haven-Milford, CT",1,1,0.0537712243927011
35380,1189866,0.169892290078291,"New Orleans-Metairie, LA",1,0.259331595137182,0.0876747958072101
35420,92582,0.42716082440649,"New Philadelphia-Dover, OH",0,1,0.0620157754498001
35440,46034,0.434906467268758,"Newport, OR",0,1,0.0862164453179748
35460,35662,0.718279428386708,"Newport, TN",0,1,0.0379800442631255
35500,36842,0.396435934764068,"Newton, IA",0,1,0.184830950587597
35580,25893,0.410430641662185,"New Ulm, MN",0,1,0.299418857211581
35620,19567410,0.0860459827260576,"New York-Newark-Jersey City, NY-NJ-PA",1,0.0661103705418355,0.175390465370146
35660,156813,0.584326231412257,"Niles-Benton Harbor, MI",1,1,0.0141776880891575
35700,47420,0.560910599667187,"Nogales, AZ",0,1,0.193455139700312
35740,48271,0.275400577649052,"Norfolk, NE",0,0.560791680356789,0.25841227268151
35820,37590,0.446299742027688,"North Platte, NE",0,0.932543581314219,0.434768864382306
35840,702281,0.312179121916876,"North Port-Sarasota-Bradenton, FL",1,0.503249459959696,0.0184412259673801
35860,28525,0.678926279039863,"North Vernon, IN",0,1,0.0557557663104385
35900,69340,0.807243735588827,"North Wilkesboro, NC",0,1,0.00620679326916797
35940,59626,0.463882353278889,"Norwalk, OH",0,1,0.0965749922580343
35980,274055,0.607433682746707,"Norwich-New London, CT",1,1,0.0336027014882116
36020,78506,0.621880777067573,"Oak Harbor, WA",0,1,0.0797848595545531
36100,331298,0.724692498036729,"Ocala, FL",1,1,0.0291095892664352
36140,97265,0.539817929826795,"Ocean City, NJ",1,1,0.0232449314167876
36220,137130,0.511196877168221,"Odessa, TX",1,1,0.531149295895206
36260,597159,0.125890294386309,"Ogden-Clearfield, UT",1,0.420603203774054,0.055628776913229
36300,111944,0.509729064160395,"Ogdensburg-Massena, NY",0,1,0.0313448632547175
36340,54984,0.489226994751085,"Oil City, PA",0,1,0.061059319593818
36380,39996,0.783923916400239,"Okeechobee, FL",0,1,0.0197512256726223
36420,1252987,0.169935512483166,"Oklahoma City, OK",1,0.383483019441289,0.232041052456509
36460,80317,0.50958543006944,"Olean, NY",0,1,0.0408846177706744
36500,252264,0.497944626832343,"Olympia-Tumwater, WA",1,1,0.0677658667929288
36540,865350,0.211439382433709,"Omaha-Council Bluffs, NE-IA",1,0.40495040060411,0.233046376478814
36580,62259,0.58353993101282,"Oneonta, NY",0,1,0.0520018700840101
36620,53936,0.240479231959814,"Ontario, OR-ID",0,0.512979324391936,0.0766527812256653
36660,83384,0.578833677084823,"Opelousas, LA",0,1,0.0426015620802466
36700,92501,0.665316721132889,"Orangeburg, SC",0,1,0.0235397451130594
36740,2134411,0.192569298165457,"Orlando-Kissimmee-Sanford, FL",1,0.362695840262675,0.0169185777347872
36780,166994,0.470664202403309,"Oshkosh-Neenah, WI",1,1,0.180561286038116
36820,22381,0.429740388368944,"Oskaloosa, IA",0,1,0.270002145159409
36830,18728,0.49764605595856,"Othello, WA",0,1,0.163652038326137
36840,25992,0.457049109673415,"Ottawa, KS",0,1,0.243747592305552
36860,154908,0.215789642508669,"Ottawa-Peru, IL",0,0.593345577098101,0.0396775913454335
36900,44378,0.354446778567399,"Ottumwa, IA",0,0.68333042040895,0.322245200398111
36940,36576,0.485496765106235,"Owatonna, MN",0,1,0.491343659505413
36980,114752,0.40268215172078,"Owensboro, KY",1,0.721944562371213,0.249554652914394
37020,70648,0.528951633959166,"Owosso, MI",0,1,0.052861583540977
37060,47351,0.579102398566759,"Oxford, MS",0,1,0.159712570261843
37080,59916,0.569886846001661,"Oxford, NC",0,1,0.0408387882853963
37100,823318,0.31850065470403,"Oxnard-Thousand Oaks-Ventura, CA",1,1,0.131331993995872
37120,50251,0.443505126405088,"Ozark, AL",0,1,0.104613548470093
37140,98762,0.29028990287126,"Paducah, KY-IL",0,0.481393587527833,0.0689908245792475
37260,74364,0.704767252502032,"Palatka, FL",0,1,0.0212024867402567
37300,58458,0.592600490544702,"Palestine, TX",0,1,0.103451590218637
37340,543376,0.406884334698623,"Palm Bay-Melbourne-Titusville, FL",1,1,0.0678609230461056
37420,22535,0.476353136311879,"Pampa, TX",0,1,0.639266569976767
37460,184715,0.378241042882486,"Panama City, FL",1,0.842993656154324,0.0627161269091354
37500,42090,0.490220926135803,"Paragould, AR",0,1,0.386175745092723
37540,32330,0.601444931742666,"Paris, TN",0,1,0.0993252454079676
37580,49793,0.4764903841099,"Paris, TX",0,1,0.260795639159302
37620,92673,0.447785424606118,"Parkersburg-Vienna, WV",1,0.884231262444181,0.130074059167256
37660,21607,0.422662494058294,"Parsons, KS",0,1,0.249325605966652
37740,53597,0.476587393971065,"Payson, AZ",0,1,0.10447717542859
37780,13783,0.499537120359905,"Pecos, TX",0,1,0.407040573421148
37860,448991,0.426418463256233,"Pensacola-Ferry Pass-Brent, FL",1,0.553047957271014,0.0139403491638076
37900,379186,0.157034963164205,"Peoria, IL",1,0.38114743981578,0.109346018995544
37940,36903,0.590651425194007,"Peru, IN",0,1,0.0966051253705517
37980,5965343,0.0983124238220491,"Philadelphia-Camden-Wilmington, PA-NJ-DE-MD",1,0.134146308159972,0.0660318604387516
38060,4192887,0.275871963990222,"Phoenix-Mesa-Scottsdale, AZ",1,0.836822131443459,0.145961640529583
38100,55834,0.669586143634342,"Picayune, MS",0,1,0.0406443429940786
38180,21361,0.335143476303311,"Pierre, SD",0,0.658417324099565,0.418834206065896
38220,100258,0.328928078636775,"Pine Bluff, AR",1,0.623921203719706,0.243788379409279
38240,88247,0.481604926738995,"Pinehurst-Southern Pines, NC",0,1,0.0491876094210209
38260,39134,0.408015763084165,"Pittsburg, KS",0,1,0.282255151860126
38300,2356285,0.149753923305263,"Pittsburgh, PA",1,0.316894036622823,0.0184062904782969
38340,131219,0.539516869768296,"Pittsfield, MA",1,1,0.127149162063874
38380,36273,0.433580323374365,"Plainview, TX",0,1,0.385314681711699
38420,51208,0.403296015254153,"Platteville, WI",0,1,0.0647487833605762
38460,82128,0.580026621092237,"Plattsburgh, NY",0,1,0.0629262856080091
38500,47051,0.520764831127136,"Plymouth, IN",0,1,0.0587189193177373
38540,82839,0.421370621880081,"Pocatello, ID",1,1,0.457498687195604
38580,58258,0.340261575585935,"Point Pleasant, WV-OH",0,0.501919876380804,0.0108904688275158
38620,46562,0.39595733274137,"Ponca City, OK",0,1,0.327813001327861
38700,38950,0.447424617533946,"Pontiac, IL",0,1,0.107135335944671
38740,42794,0.568322966562288,"Poplar Bluff, MO",0,1,0.158542213060698
38780,19846,0.509665683749406,"Portales, NM",0,1,0.383085308117085
38820,71404,0.545364517534233,"Port Angeles, WA",0,1,0.0820941730603695
38840,41428,0.569747463055079,"Port Clinton, OH",0,1,0.0307739740086482
38860,514098,0.278968819426621,"Portland-South Portland, ME",1,0.451940735772217,0.0233811760482648
38900,2226009,0.108276678887863,"Portland-Vancouver-Hillsboro, OR-WA",1,0.23329618406753,0.0819863177651723
38920,21381,0.47747816149811,"Port Lavaca, TX",0,1,0.333409418242018
38940,424107,0.302449735477647,"Port St. Lucie, FL",1,0.548048413856766,0.161631560031646
39020,79499,0.633508769382091,"Portsmouth, OH",0,1,0.0656692863970362
39060,148289,0.457784305876858,"Pottsville, PA",0,1,0.0188804121672144
39140,211033,0.438096493314831,"Prescott, AZ",1,1,0.078340488803938
39220,21403,0.426538990351342,"Price, UT",0,1,0.18651401415398
39260,20978,0.575212613616664,"Prineville, OR",0,1,0.194552565549038
39300,1600852,0.139572331974277,"Providence-Warwick, RI-MA",1,0.291259278501882,0.0300098782763971
39340,526810,0.272694579210891,"Provo-Orem, UT",1,0.9618582633601,0.102541380572895
39380,159063,0.517586568914337,"Pueblo, CO",1,1,0.449097478487721
39420,44776,0.415815503317338,"Pullman, WA",0,1,0.448613297010838
39460,159978,0.829315204432258,"Punta Gorda, FL",1,1,0.0108202754102295
39500,77314,0.373094588342491,"Quincy, IL-MO",0,0.770742304438911,0.278302672029196
39540,195408,0.356297753056938,"Racine, WI",1,1,0.20279020348594
39580,1130490,0.46893926346858,"Raleigh, NC",1,0.660389501292779,0.0035755825525757
39660,134598,0.308697835713643,"Rapid City, SD",1,0.601927332499581,0.261240907518598
39700,22134,0.466063504761749,"Raymondville, TX",0,1,0.274485558847807
39740,411442,0.527748170681936,"Reading, PA",1,1,0.0479280304630466
39780,63463,0.584464390741051,"Red Bluff, CA",0,1,0.0638179334372797
39820,177223,0.481190864758212,"Redding, CA",1,1,0.263530088533411
39860,46183,0.361035330419935,"Red Wing, MN",0,1,0.159577686190062
39900,425417,0.430782688352517,"Reno, NV",1,0.981325609660495,0.325296778012468
39940,50778,0.318115176371751,"Rexburg, ID",0,0.614450284379731,0.25843958245627
39980,68917,0.457044729319688,"Richmond, IN",0,1,0.288524861397748
40060,1208101,0.131722674324449,"Richmond, VA",1,0.173237498441944,0.0298991441606435
40080,99972,0.376668880893681,"Richmond-Berea, KY",0,0.716998482137316,0.117591276195513
40100,60968,0.52495225315874,"Rio Grande City, TX",0,1,0.078226908558629
40140,4224851,0.159803422101148,"Riverside-San Bernardino-Ontario, CA",1,0.500668061089625,0.0237616796247862
40180,40123,0.485818310733877,"Riverton, WY",0,1,0.105823535255513
40220,308707,0.16587270952924,"Roanoke, VA",1,0.239698111739948,0.106198673228247
40260,76790,0.33098590374568,"Roanoke Rapids, NC",0,0.59007052465122,0.0453943973549563
40300,53497,0.528924199208698,"Rochelle, IL",0,1,0.0188904612343583
40340,206877,0.252446909743895,"Rochester, MN",1,0.516756948454184,0.270038571512171
40380,1079671,0.300527859668052,"Rochester, NY",1,0.498630220276495,0.0388057984647141
40420,349431,0.300409380065692,"Rockford, IL",1,0.738037382225465,0.208391013639589
40460,46639,0.541328884084332,"Rockingham, NC",0,1,0.0624155381697154
40540,43806,0.403348370831349,"Rock Springs, WY",0,1,0.358333344849954
40580,152392,0.2725315808325,"Rocky Mount, NC",1,0.533232690963256,0.150247482573043
40620,45156,0.494587223912464,"Rolla, MO",0,1,0.196654021121578
40660,96317,0.591715162947723,"Rome, GA",1,1,0.142217619843689
40700,107667,0.494359591977293,"Roseburg, OR",0,1,0.0497475639853149
40740,65645,0.486180249089516,"Roswell, NM",0,1,0.543629203537046
40780,83939,0.301554534253644,"Russellville, AR",0,0.611109852725477,0.117876176082092
40820,46735,0.45688272603906,"Ruston, LA",0,1,0.231128733241171
40860,61642,0.640641804184648,"Rutland, VT",0,1,0.072290168881315
40900,2149127,0.208196177754219,"Sacramento--Roseville--Arden-Arcade, CA",1,0.477940582938868,0.0622927690276965
40940,37220,0.515804233403566,"Safford, AZ",0,1,0.0872532101413643
40980,200169,0.600736703143495,"Saginaw, MI",1,1,0.0672722079595102
41060,189093,0.259664959003196,"St. Cloud, MN",1,0.676009106521838,0.138031957020926
41100,138115,0.345461924429663,"St. George, UT",1,1,0.31281674755467
41140,127329,0.287396867687978,"St. Joseph, MO-KS",1,0.523363613236741,0.366241114805361
41180,2787701,0.071033933974866,"St. Louis, MO-IL",1,0.185668175255335,0.0182583604247483
41220,50513,0.429279482715932,"St. Marys, GA",0,1,0.21531793046508
41400,107841,0.500068943594335,"Salem, OH",0,1,0.0316606576829885
41420,390738,0.283210176019234,"Salem, OR",1,0.688527650066157,0.172987468416135
41460,61697,0.413925596523408,"Salina, KS",0,0.822044196276505,0.599300461698977
41500,415057,0.372708267714584,"Salinas, CA",1,1,0.152607546274721
41540,373802,0.227833278585488,"Salisbury, MD-DE",1,0.371883626950729,0.00875763418541498
41620,1087873,0.282804820112085,"Salt Lake City, UT",1,0.898696928345537,0.0728012792520275
41660,111823,0.49199848947611,"San Angelo, TX",1,0.971810177061471,0.694704387448965
41700,2142508,0.328702058923099,"San Antonio-New Braunfels, TX",1,0.648541190987958,0.385356098281087
41740,3095313,0.351994422466182,"San Diego-Carlsbad, CA",1,1,0.195333310675038
41760,40877,0.607376209735552,"Sandpoint, ID",0,1,0.0357546361261621
41780,77079,0.388504291101288,"Sandusky, OH",0,1,0.151400062228898
41820,57866,0.559978170070986,"Sanford, NC",0,1,0.235711206469363
41860,4335391,0.0828969009955885,"San Francisco-Oakland-Hayward, CA",1,0.245251749508394,0.0542850759567269
41940,1836911,0.325052629595509,"San Jose-Sunnyvale-Santa Clara, CA",1,0.941634553148064,0.28295297723026
42020,269637,0.434469910658569,"San Luis Obispo-Paso Robles-Arroyo Grande, CA",1,1,0.0599532629577981
42100,262382,0.482500290868083,"Santa Cruz-Watsonville, CA",1,1,0.0936507791786183
42140,144170,0.56456410387631,"Santa Fe, NM",1,1,0.222121591270131
42200,423895,0.392646917178388,"Santa Maria-Santa Barbara, CA",1,1,0.115156108981998
42220,483878,0.396788217602544,"Santa Rosa, CA",1,1,0.146654939625614
42300,38520,0.599732280623568,"Sault Ste. Marie, MI",0,1,0.134896654540965
42340,347611,0.307476927511958,"Savannah, GA",1,0.611891651590878,0.159305473525736
42380,62622,0.597500916168391,"Sayre, PA",0,1,0.015052559214002
42420,38971,0.361247838147071,"Scottsbluff, NE",0,0.901389813734276,0.200483259386134
42460,53227,0.502281499742024,"Scottsboro, AL",0,1,0.0819235020496773
42540,563631,0.188649877795627,"Scranton--Wilkes-Barre--Hazleton, PA",1,0.471452930787514,0.0298139976276244
42620,77076,0.467317980657057,"Searcy, AR",0,1,0.0999030788202571
42660,3439809,0.155017283480811,"Seattle-Tacoma-Bellevue, WA",1,0.411666210634724,0.0421613691727719
42680,138028,0.580663355592051,"Sebastian-Vero Beach, FL",1,1,0.0396251849141377
42700,98786,0.68723992277701,"Sebring, FL",1,1,0.0197852402935265
42740,42201,0.51154576527156,"Sedalia, MO",0,1,0.257920400069806
42780,39702,0.62499508029016,"Selinsgrove, PA",0,1,0.0245336420886509
42820,43820,0.500102663601947,"Selma, AL",0,1,0.232796230211098
42860,74273,0.700165342889575,"Seneca, SC",0,1,0.0162721929448481
42900,35251,0.556709560751144,"Seneca Falls, NY",0,1,0.0580899516928249
42940,89889,0.631163274418967,"Sevierville, TN",0,1,0.0333624920409523
42980,42376,0.498613141504727,"Seymour, IN",0,1,0.177115806375952
43020,46181,0.480389419459745,"Shawano, WI",0,0.833516728541954,0.0436691351216534
43060,69442,0.415120282607425,"Shawnee, OK",0,1,0.19993339837104
43100,115507,0.414486774321815,"Sheboygan, WI",1,1,0.194368981978004
43140,98078,0.520492763257876,"Shelby, NC",0,1,0.0566057533167316
43180,45058,0.549694212587452,"Shelbyville, TN",0,1,0.204019870101347
43220,60699,0.760029960247943,"Shelton, WA",0,1,0.0262480675722163
43260,29116,0.494104096967649,"Sheridan, WY",0,1,0.360507760752943
43300,120877,0.421574217640594,"Sherman-Denison, TX",1,1,0.139199843014326
43320,107449,0.54959971860977,"Show Low, AZ",0,1,0.0258875839501921
43340,439811,0.219868878164952,"Shreveport-Bossier City, LA",1,0.419274562786033,0.226283432962292
43380,49423,0.481362784726033,"Sidney, OH",0,1,0.188067982113083
43420,131346,0.442269846718534,"Sierra Vista-Douglas, AZ",1,1,0.133594750379318
43460,39191,0.714923880327621,"Sikeston, MO",0,1,0.00792422798664939
43500,29514,0.484594774215953,"Silver City, NM",0,1,0.133563073510965
43580,168563,0.202316549603071,"Sioux City, IA-NE-SD",1,0.413465684685192,0.252105302422961
43620,228261,0.300417835049483,"Sioux Falls, SD",1,0.591715201914007,0.457550938071849
43660,16921,0.52067697028924,"Snyder, TX",0,1,0.438267317608188
43700,63063,0.701507097280839,"Somerset, KY",0,1,0.0319486085013075
43740,77742,0.584510931851864,"Somerset, PA",0,1,0.0121211193261757
43760,55365,0.850530137858293,"Sonora, CA",0,1,0.00784247563290012
43780,319224,0.362246925518211,"South Bend-Mishawaka, IN-MI",1,0.72604357112451,0.12386951094403
43900,313268,0.564615123818511,"Spartanburg, SC",1,0.832197265741048,0.0153463604768705
43940,24097,0.438390500826661,"Spearfish, SD",0,1,0.210747179190073
43980,16667,0.448719716730974,"Spencer, IA",0,1,0.457090862982644
44020,16667,0.368205796814766,"Spirit Lake, IA",0,1,0.12846161388406
44060,527753,0.360049898919623,"Spokane-Spokane Valley, WA",1,0.80464816381889,0.186656186074592
44100,210170,0.368056046649867,"Springfield, IL",1,0.886406535288697,0.311257653926609
44140,621570,0.25955203581846,"Springfield, MA",1,0.620713660635724,0.0843776839679966
44180,436712,0.225321518119035,"Springfield, MO",1,0.441891901324216,0.139433737322272
44220,138333,0.514270118910158,"Springfield, OH",1,1,0.194199245598372
44260,47671,0.538331137505325,"Starkville, MS",0,1,0.25146473278038
44300,153990,0.575338791400471,"State College, PA",1,1,0.076668884698009
44340,70217,0.56445964546288,"Statesboro, GA",0,1,0.164325273120371
44420,118502,0.267888555038611,"Staunton-Waynesboro, VA",1,0.458898647453614,0.0721437453809834
44460,23509,0.468927704893365,"Steamboat Springs, CO",0,1,0.272061995000621
44500,37890,0.483730935461553,"Stephenville, TX",0,1,0.214850440437485
44540,22709,0.488061953731076,"Sterling, CO",0,1,0.42417473043721
44580,58498,0.401796293111197,"Sterling, IL",0,1,0.105350836927296
44620,70019,0.441470934211538,"Stevens Point, WI",0,1,0.176626857101595
44660,77350,0.440666800836713,"Stillwater, OK",0,1,0.360801471162778
44700,685306,0.377976847923398,"Stockton-Lodi, CA",1,1,0.214868219069319
44740,20260,0.399831029601925,"Storm Lake, IA",0,1,0.288074288932915
44780,61295,0.510197679543192,"Sturgis, MI",0,1,0.0514642243726691
44860,35161,0.537898929214772,"Sulphur Springs, TX",0,1,0.194012079895878
44900,26015,0.62893224016925,"Summerville, GA",0,1,0.0360698497063799
44920,36324,0.546149651431791,"Summit Park, UT",0,1,0.0501491475532138
44940,107456,0.59212812545826,"Sumter, SC",1,1,0.142292195971548
44980,94528,0.483318923769473,"Sunbury, PA",0,1,0.0302444094928302
45000,34895,0.551433777469648,"Susanville, CA",0,1,0.264519272923267
45020,15216,0.467641713657721,"Sweetwater, TX",0,1,0.521272677993501
45060,662577,0.30122980930612,"Syracuse, NY",1,0.543082284043655,0.05011694995466
45140,46987,0.538558295243184,"Tahlequah, OK",0,1,0.120412355159945
45180,93830,0.386321865059563,"Talladega-Sylacauga, AL",0,0.784291590675761,0.0543881193387753
45220,367413,0.34476181889089,"Tallahassee, FL",1,0.586774715386201,0.244423640917588
45300,2783243,0.18643370378997,"Tampa-St. Petersburg-Clearwater, FL",1,0.335230221954073,0.0255502914053336
45340,32937,0.66780531490159,"Taos, NM",0,1,0.0332193205577556
45380,34800,0.36583114525142,"Taylorville, IL",0,1,0.141613940910292
45460,172425,0.237331413163164,"Terre Haute, IN",1,0.439895739579015,0.128388317699178
45500,149198,0.21716175183284,"Texarkana, TX-AR",1,0.477568700679329,0.104173900102013
45520,25213,0.504333067503104,"The Dalles, OR",0,1,0.292962400045422
45540,93420,0.796044903855476,"The Villages, FL",1,1,0.006066481596752
45580,27153,0.610590219101451,"Thomaston, GA",0,1,0.114224895775742
45620,44720,0.543269658738161,"Thomasville, GA",0,1,0.170760579743248
45660,56745,0.582378016235588,"Tiffin, OH",0,1,0.100991407277097
45700,40118,0.573916087853093,"Tifton, GA",0,1,0.166421741564563
45740,26175,0.622478657566993,"Toccoa, GA",0,1,0.105297365739562
45780,610001,0.260183076493939,"Toledo, OH",1,0.571809067361908,0.228597826319332
45820,233870,0.321806658341037,"Topeka, KS",1,0.594619331233939,0.297805638836868
45860,189927,0.717357328614839,"Torrington, CT",0,1,0.0367562536454861
45900,143372,0.317681454701257,"Traverse City, MI",0,0.420283608966108,0.0109519232923919
45940,366513,0.631546005534434,"Trenton, NJ",1,1,0.055104162312087
45980,32899,0.494167154512989,"Troy, AL",0,1,0.304525733768864
46020,98764,0.595003590225685,"Truckee-Grass Valley, CA",0,1,0.0447580435686031
46060,980263,0.478076327105904,"Tucson, AZ",1,1,0.285243369742572
46100,100210,0.220150747296734,"Tullahoma-Manchester, TN",0,0.449426363702187,0.0575869942654404
46140,937478,0.189196907919789,"Tulsa, OK",1,0.43922373744479,0.191223481709304
46180,136268,0.233247604352345,"Tupelo, MS",0,0.448010725682218,0.069983887166867
46220,230162,0.357898752325552,"Tuscaloosa, AL",1,0.727316101482679,0.165464570543495
46300,99604,0.305606017656825,"Twin Falls, ID",0,0.651657788246137,0.211846544943171
46340,209714,0.505873979685656,"Tyler, TX",1,1,0.215626218548978
46380,87841,0.592963215973365,"Ukiah, CA",0,1,0.0434674059904113
46460,38620,0.326733494793436,"Union City, TN-KY",0,0.709419441203124,0.0935727832918227
46500,40097,0.521286506447084,"Urbana, OH",0,1,0.0925145870840487
46540,299397,0.313334938259911,"Utica-Rome, NY",1,0.661884504350124,0.0584873941741031
46620,26405,0.493102096242923,"Uvalde, TX",0,1,0.359951775901583
46660,139588,0.352796160191862,"Valdosta, GA",1,0.63195498133061,0.154445822183441
46700,413344,0.31540360840636,"Vallejo-Fairfield, CA",1,1,0.204783860967153
46740,34215,0.456446318209077,"Valley, AL",0,1,0.120970128782865
46780,28744,0.518202598421435,"Van Wert, OH",0,1,0.145065441941915
46820,13864,0.479995439667499,"Vermillion, SD",0,1,0.582827079328696
46860,32588,0.586902673667291,"Vernal, UT",0,1,0.0812931791534795
46900,13535,0.505328407833415,"Vernon, TX",0,1,0.6607341608704
46980,58377,0.433269144342992,"Vicksburg, MS",0,0.725097891372267,0.167718701854672
47020,94003,0.457999276162222,"Victoria, TX",1,0.858366322167157,0.443769651190901
47080,36346,0.312709881671989,"Vidalia, GA",0,0.623997779929153,0.102548976954313
47180,38440,0.462426312963058,"Vincennes, IN",0,1,0.236429221696096
47220,156898,0.402499485643728,"Vineland-Bridgeton, NJ",1,1,0.208669045973942
47260,1676822,0.0771651506048007,"Virginia Beach-Norfolk-Newport News, VA-NC",1,0.135327989095762,0.131028280581449
47300,442179,0.397100427655024,"Visalia-Porterville, CA",1,1,0.116631922672962
47340,32888,0.466407224355372,"Wabash, IN",0,1,0.140795579230418
47380,252772,0.356278545937772,"Waco, TX",1,0.868630814994141,0.252642212946154
47420,22897,0.261761080790158,"Wahpeton, ND-MN",0,0.590568364024526,0.140488808180326
47460,62859,0.394563890221329,"Walla Walla, WA",1,0.878666911709893,0.276282200252776
47540,45949,0.420396252081364,"Wapakoneta, OH",0,1,0.0892999584763606
47580,179605,0.309069068596566,"Warner Robins, GA",1,0.634983292466684,0.149244572572078
47620,41815,0.606771352731184,"Warren, PA",0,1,0.0562502727168001
47660,52595,0.517507954577787,"Warrensburg, MO",0,1,0.132978647748359
47700,77358,0.551183510935108,"Warsaw, IN",0,1,0.0373205284996697
47780,31648,0.532398835722305,"Washington, IN",0,1,0.134857428490442
47820,47759,0.631089497763318,"Washington, NC",0,1,0.0434188979206958
47900,5636232,0.0796462048600557,"Washington-Arlington-Alexandria, DC-VA-MD-WV",1,0.115627866112192,0.0127804303403901
47920,29030,0.487737074699692,"Washington Court House, OH",0,1,0.242539009320658
47940,167819,0.242983087494503,"Waterloo-Cedar Falls, IA",1,0.636610144258372,0.226709862093654
47980,27227,0.484484043944243,"Watertown, SD",0,1,0.622917829780116
48020,83686,0.42337334171701,"Watertown-Fort Atkinson, WI",0,1,0.0683242883157171
48060,116229,0.523968552514566,"Watertown-Fort Drum, NY",1,1,0.0568095674901793
48100,27731,0.573450110544879,"Wauchula, FL",0,1,0.0480265649543438
48140,134063,0.364646976008491,"Wausau, WI",1,1,0.124033113144923
48180,55070,0.34341625225064,"Waycross, GA",0,0.550803313570008,0.0749128631011873
48220,27469,0.374269433526791,"Weatherford, OK",0,1,0.267078459651313
48260,124454,0.191953934374191,"Weirton-Steubenville, WV-OH",1,0.411889829683412,0.0530947390392082
48300,110884,0.269686700054752,"Wenatchee, WA",1,0.547070836522763,0.100186632094666
48460,40400,0.54173960904438,"West Plains, MO",0,1,0.0954887596804235
48540,147950,0.171199029499783,"Wheeling, WV-OH",1,0.3667293816666,0.0480649701605164
48580,102228,0.477083073493501,"Whitewater-Elkhorn, WI",0,1,0.0312559373350658
48620,630919,0.286370260640079,"Wichita, KS",1,0.639490796189152,0.371650062927651
48660,151306,0.345950809301788,"Wichita Falls, TX",1,0.763964711131757,0.485531189619159
48700,116111,0.504716193965753,"Williamsport, PA",1,1,0.0711610759658228
48780,22398,0.462188149347586,"Williston, ND",0,1,0.435564131863756
48820,42239,0.467621464741338,"Willmar, MN",0,1,0.218697233635404
48900,254884,0.389024680692907,"Wilmington, NC",1,0.674208459489648,0.175404227125528
48940,42040,0.452890571513288,"Wilmington, OH",0,1,0.10510081015679
48980,81234,0.49459768519921,"Wilson, NC",0,1,0.366990760752219
49020,128472,0.316033544796526,"Winchester, VA-WV",1,0.447895728111507,0.0421133896916122
49080,16528,0.572850782759349,"Winnemucca, NV",0,1,0.200241088137915
49100,51461,0.413433770071716,"Winona, MN",0,1,0.300428781020335
49180,640595,0.176750255576461,"Winston-Salem, NC",1,0.377523558169727,0.160585945162902
49220,74749,0.569469673437779,"Wisconsin Rapids-Marshfield, WI",0,1,0.0627482645255061
49260,20081,0.480078815655413,"Woodward, OK",0,1,0.3639796620609
49300,114520,0.535024111279097,"Wooster, OH",0,1,0.0589674882109036
49340,916980,0.462487821157457,"Worcester, MA-CT",1,0.77505939161585,0.0437285310201779
49380,21378,0.433569218172219,"Worthington, MN",0,1,0.361701154563232
49420,243231,0.419921639789054,"Yakima, WA",1,1,0.150322707878327
49460,22438,0.497979496620233,"Yankton, SD",0,1,0.415444666965996
49620,434972,0.624928049118537,"York-Hanover, PA",1,1,0.0122665148034544
49660,565773,0.169185251850044,"Youngstown-Warren-Boardman, OH-PA",1,0.35886383370772,0.0257095143617191
49700,166892,0.284776745647265,"Yuba City, CA",1,0.509154271149682,0.159529244043962
49740,195751,0.435385267178276,"Yuma, AZ",1,1,0.248544406665035
49780,86074,0.543767874325285,"Zanesville, OH",0,1,0.0901457798641966
